"","ROUTE","CABIN_TYPE","total_passenger"
"1","AKL-DXB","B",10
"2","AKL-HKG","B",16
"3","AKL-HKG","O",3
"4","AKL-SIN","B",12
"5","AKL-SIN","I",1
"6","AKL-SOU","B",31
"7","AKL-SOU","I",5
"8","AKL-SOU","O",8
"9","AKL-SOU","S",8
"10","AKL-SYD","B",82
"11","AKL-SYD","I",17
"12","AKL-SYD","O",31
"13","AKL-SYD","S",2
"14","BNE-HKG","B",82
"15","BNE-HKG","I",9
"16","BNE-HKG","O",20
"17","BNE-SOU","B",37
"18","BNE-SOU","I",10
"19","BNE-SOU","O",5
"20","BNE-SOU","S",2
"21","DXB-SOU","B",403
"22","DXB-SOU","I",41
"23","DXB-SOU","O",56
"24","DXB-SOU","S",2
"25","HKG-DXB","B",299
"26","HKG-DXB","I",44
"27","HKG-DXB","O",67
"28","HKG-SOU","B",116
"29","HKG-SOU","I",12
"30","HKG-SOU","O",22
"31","SFO-AKL","B",44
"32","SFO-AKL","I",22
"33","SFO-AKL","O",16
"34","SFO-HKG","B",42
"35","SFO-HKG","I",3
"36","SFO-HKG","O",2
"37","SFO-SIN","B",9
"38","SFO-SYD","B",296
"39","SFO-SYD","I",68
"40","SFO-SYD","O",67
"41","SIN-DXB","B",86
"42","SIN-DXB","I",14
"43","SIN-DXB","O",23
"44","SIN-SOU","B",106
"45","SIN-SOU","I",16
"46","SIN-SOU","O",44
"47","SIN-SOU","S",6
"48","SOU-AKL","B",85
"49","SOU-AKL","I",23
"50","SOU-AKL","O",22
"51","SOU-AKL","S",10
"52","SOU-BNE","B",48
"53","SOU-BNE","I",6
"54","SOU-BNE","O",10
"55","SOU-BNE","S",2
"56","SOU-HKG","B",4
"57","SOU-SFO","B",371
"58","SOU-SFO","I",92
"59","SOU-SFO","O",82
"60","SOU-SIN","B",5
"61","SOU-SIN","O",2
"62","SOU-SOU","B",447
"63","SOU-SOU","I",97
"64","SOU-SOU","O",92
"65","SOU-SOU","S",75
"66","SOU-SYD","B",236
"67","SOU-SYD","I",100
"68","SOU-SYD","O",70
"69","SOU-SYD","S",21
"70","SYD-BNE","B",59
"71","SYD-BNE","I",22
"72","SYD-BNE","O",18
"73","SYD-BNE","S",4
"74","SYD-DXB","B",6
"75","SYD-DXB","I",3
"76","SYD-HKG","B",301
"77","SYD-HKG","I",53
"78","SYD-HKG","O",43
"79","SYD-HKG","S",2
"80","SYD-SIN","B",146
"81","SYD-SIN","I",25
"82","SYD-SIN","O",39
"83","SYD-SIN","S",4
"84","SYD-SOU","B",109
"85","SYD-SOU","I",35
"86","SYD-SOU","O",27
"87","SYD-SOU","S",14
